dataset,algorithm,k,g,p,Run_Time,KG_Time,Main_Time,Ng_Time,N^g_Count,num_kg_node,num_kg_edge,num_remain_node,num_remain_edge
Amazon,naive,3,3,0.8,5666.3266,1963.7442,3702.3163,3642.051,2778539.0,712775.0,4285363.0,202460.0,762907.0
Amazon,naive,5,5,0.8,3995.296,2205.172,1789.8767,1742.2164,1144779.0,278466.0,4285363.0,20269.0,114182.0
Amazon,naive,10,10,0.8,2557.5184,2397.5422,159.7221,132.8623,183291.0,78066.0,4285363.0,473.0,27372.0
Amazon,naive,20,20,0.8,2553.6345,2525.9261,27.4686,13.8337,37640.0,18453.0,4285363.0,165.0,9621.0
Amazon,naive,30,30,0.8,2596.2126,2584.307,11.7238,2.9655,12277.0,6141.0,4285363.0,72.0,2562.0
Amazon,naive,40,40,0.8,2601.2622,2592.8662,8.217,1.7127,4924.0,2471.0,4285363.0,65.0,2360.0
Amazon,naive,50,50,0.8,2606.877,2600.4302,6.2696,1.2517,2156.0,1078.0,4285363.0,57.0,2221.0
Amazon,naive,60,60,0.8,2655.6922,2651.9145,3.5853,0.0105,292.0,146.0,4285363.0,0.0,0.0
Amazon,naive,70,70,0.8,2649.2623,2645.7776,3.3084,0.0,0.0,0.0,4285363.0,0.0,0.0
Amazon,ASAP,3,3,0.8,3636.8925,1979.9931,1656.1308,1550.3986,1587544.0,712775.0,4285363.0,202460.0,762907.0
Amazon,ASAP,4,4,0.8,3231.5645,1977.3213,1253.6217,1164.389,1080943.0,418507.0,4285363.0,57769.0,290098.0
Amazon,ASAP,5,5,0.8,3040.5577,2201.9974,837.9798,759.2835,626435.0,278466.0,4285363.0,20269.0,114182.0
Amazon,ASAP,6,6,0.8,2685.2756,2139.1513,545.5866,486.7267,410175.0,199349.0,4285363.0,2091.0,45822.0
Amazon,ASAP,7,7,0.8,2629.5155,2261.9092,367.0554,317.2024,267440.0,150461.0,4285363.0,1183.0,40282.0
Amazon,ASAP,8,8,0.8,2505.1558,2258.0022,246.6504,205.5547,186783.0,117544.0,4285363.0,750.0,37429.0
Amazon,ASAP,9,9,0.8,2486.0827,2305.6112,179.9496,143.2755,138297.0,94945.0,4285363.0,614.0,30410.0
Amazon,ASAP,10,10,0.8,2522.7927,2392.0496,130.2343,96.9421,105529.0,78066.0,4285363.0,473.0,27372.0
Amazon,ASAP,20,20,0.8,2626.4275,2597.9069,27.9962,8.5114,19315.0,18453.0,4285363.0,165.0,9621.0
Amazon,ASAP,30,30,0.8,2579.5611,2567.184,11.9408,1.582,6162.0,6141.0,4285363.0,72.0,2562.0
Amazon,ASAP,40,40,0.8,2566.9908,2558.6041,7.9592,0.8736,2472.0,2471.0,4285363.0,65.0,2360.0
Amazon,ASAP,50,50,0.8,2656.4863,2648.0289,8.1475,1.0915,1108.0,1078.0,4285363.0,57.0,2221.0
Amazon,ASAP,60,60,0.8,2591.68,2587.3584,4.1397,0.005,146.0,146.0,4285363.0,0.0,0.0
Amazon,ASAP,70,70,0.8,2566.2566,2562.2428,3.8347,0.0,0.0,0.0,4285363.0,0.0,0.0
Aminer,naive,3,3,0.0,1024.8058,1021.0816,2.9765,0.0,0.0,808177.0,17120546.0,808177.0,17120546.0
Aminer,naive,3,3,0.2,1036.733,1019.6355,16.3209,8.3849,231748.0,808177.0,17120546.0,806166.0,5083240.0
Aminer,naive,3,3,0.4,1052.3769,1018.3161,33.3043,19.0022,699888.0,808177.0,17120546.0,756495.0,2973934.0
Aminer,naive,3,3,0.6,1081.4074,1030.6029,50.0199,27.3938,1333695.0,808177.0,17120546.0,541198.0,1221553.0
Aminer,naive,3,3,0.8,1026.4624,981.2715,44.4201,18.051,1700384.0,808177.0,17120546.0,251449.0,332486.0
Aminer,naive,3,3,0.8,1077.342,1028.9085,47.6466,19.4884,1700384.0,808177.0,17120546.0,251449.0,332486.0
Aminer,naive,3,3,1.0,1064.7728,1026.3799,37.6042,8.1443,1648842.0,808177.0,17120546.0,87829.0,110703.0
Aminer,naive,3,4,0.0,1041.5795,1037.617,3.1662,0.0,0.0,379270.0,17120546.0,379270.0,17120546.0
Aminer,naive,3,4,0.2,1047.5329,1030.53,16.2198,7.4078,162649.0,379270.0,17120546.0,377020.0,3135230.0
Aminer,naive,3,4,0.4,1062.471,1033.5626,28.1403,14.3694,420827.0,379270.0,17120546.0,336202.0,1581858.0
Aminer,naive,3,4,0.6,1069.2083,1032.2502,36.1779,17.4647,733420.0,379270.0,17120546.0,202376.0,517316.0
Aminer,naive,3,4,0.8,1062.353,1031.6615,29.9356,9.2189,807921.0,379270.0,17120546.0,76664.0,120221.0
Aminer,naive,3,4,1.0,1110.0937,1080.6709,28.6125,3.8574,766835.0,379270.0,17120546.0,23645.0,38520.0
Aminer,naive,3,5,0.0,1081.8651,1077.6668,3.3697,0.0,0.0,211702.0,17120546.0,211702.0,17120546.0
Aminer,naive,3,5,0.2,1035.5306,1020.5671,14.2357,5.5305,111795.0,211702.0,17120546.0,209673.0,2057765.0
Aminer,naive,3,5,0.4,1062.7205,1038.2019,23.7175,10.9566,273549.0,211702.0,17120546.0,177682.0,923779.0
Aminer,naive,3,5,0.6,1069.353,1041.1547,27.4426,11.4626,436198.0,211702.0,17120546.0,93432.0,259747.0
Aminer,naive,3,5,0.8,1056.8314,1033.0117,23.0438,5.4401,449391.0,211702.0,17120546.0,30564.0,57326.0
Aminer,naive,3,5,1.0,1062.8071,1042.2303,19.792,1.9163,424746.0,211702.0,17120546.0,9125.0,18782.0
Aminer,naive,3,6,0.0,1037.5677,1033.6802,3.1059,0.0,0.0,131804.0,17120546.0,131804.0,17120546.0
Aminer,naive,3,6,0.2,1056.0336,1041.9193,13.312,4.5538,79388.0,131804.0,17120546.0,130034.0,1414614.0
Aminer,naive,3,6,0.4,1109.5549,1087.5024,21.2094,8.7703,186446.0,131804.0,17120546.0,105272.0,584038.0
Aminer,naive,3,6,0.6,1056.4396,1033.6149,22.0728,8.3216,277542.0,131804.0,17120546.0,50371.0,150411.0
Aminer,naive,3,6,0.8,1056.7587,1037.4653,18.5225,3.3846,276139.0,131804.0,17120546.0,15126.0,33160.0
Aminer,naive,3,6,1.0,1111.4442,1092.4357,18.1899,1.2225,263126.0,131804.0,17120546.0,4524.0,11258.0
Aminer,naive,3,7,0.0,1040.9496,1037.1223,3.0596,0.0,0.0,88562.0,17120546.0,88562.0,17120546.0
Aminer,naive,3,7,0.2,1051.9184,1038.7265,12.4306,3.8535,58053.0,88562.0,17120546.0,87123.0,1023820.0
Aminer,naive,3,7,0.4,1059.2902,1040.4867,18.0126,6.9058,134860.0,88562.0,17120546.0,67895.0,399067.0
Aminer,naive,3,7,0.6,1045.5929,1026.9016,17.9393,5.6955,185750.0,88562.0,17120546.0,30678.0,97649.0
Aminer,naive,3,7,0.8,1048.7365,1032.6288,15.3514,2.2542,183644.0,88562.0,17120546.0,8555.0,21360.0
Aminer,naive,3,7,1.0,1045.5284,1030.5225,14.2447,0.7211,176209.0,88562.0,17120546.0,2652.0,7660.0
Aminer,naive,4,3,0.0,1038.375,1034.4776,3.1244,0.0,0.0,469732.0,17120546.0,469732.0,17120546.0
Aminer,naive,4,3,0.2,1049.3914,1032.4783,16.1194,7.5698,178907.0,469732.0,17120546.0,467846.0,3304473.0
Aminer,naive,4,3,0.4,1055.0395,1026.1387,28.1104,14.4124,456010.0,469732.0,17120546.0,432518.0,1686136.0
Aminer,naive,4,3,0.6,1067.2481,1029.553,36.9107,18.353,783361.0,469732.0,17120546.0,314698.0,613984.0
Aminer,naive,4,3,0.8,1064.1087,1028.3019,35.009,12.8342,993948.0,469732.0,17120546.0,130175.0,137363.0
Aminer,naive,4,3,1.0,1058.0604,1029.6027,27.7076,4.7442,952558.0,469732.0,17120546.0,38818.0,35739.0
Aminer,naive,4,4,0.0,1029.5591,1025.7534,3.0168,0.0,0.0,209188.0,17120546.0,209188.0,17120546.0
Aminer,naive,4,4,0.2,1051.2857,1036.2652,14.2371,5.4484,106242.0,209188.0,17120546.0,207498.0,1788007.0
Aminer,naive,4,4,0.4,1061.9609,1038.9751,22.1758,9.8204,243418.0,209188.0,17120546.0,183386.0,783290.0
Aminer,naive,4,4,0.6,1058.8867,1032.1532,25.9396,11.1989,395529.0,209188.0,17120546.0,116438.0,241620.0
Aminer,naive,4,4,0.8,1060.7559,1037.2376,22.7348,6.294,447302.0,209188.0,17120546.0,38204.0,47877.0
Aminer,naive,4,4,1.0,1061.185,1041.105,19.2866,1.9259,421404.0,209188.0,17120546.0,9487.0,11928.0
Aminer,naive,4,5,0.0,1041.808,1037.8925,3.1173,0.0,0.0,114192.0,17120546.0,114192.0,17120546.0
Aminer,naive,4,5,0.2,1054.9168,1041.194,12.9042,4.1,66350.0,114192.0,17120546.0,113015.0,1075914.0
Aminer,naive,4,5,0.4,1062.2574,1043.0718,18.3762,7.1729,146557.0,114192.0,17120546.0,96090.0,428742.0
Aminer,naive,4,5,0.6,1063.5823,1042.1977,20.5759,7.7484,226241.0,114192.0,17120546.0,55635.0,121844.0
Aminer,naive,4,5,0.8,1060.4661,1042.1283,17.5378,3.5772,244300.0,114192.0,17120546.0,14909.0,22222.0
Aminer,naive,4,5,1.0,1051.3999,1035.6442,14.9871,0.9179,228836.0,114192.0,17120546.0,3586.0,5794.0
Aminer,naive,4,6,0.0,1038.9957,1035.1114,3.1,0.0,0.0,70867.0,17120546.0,70867.0,17120546.0
Aminer,naive,4,6,0.2,1052.9683,1040.4319,11.7324,3.1223,45131.0,70867.0,17120546.0,69777.0,702112.0
Aminer,naive,4,6,0.4,1061.2185,1044.3552,16.0648,5.6419,98987.0,70867.0,17120546.0,57299.0,263980.0
Aminer,naive,4,6,0.6,1061.9598,1044.011,17.148,5.6391,144189.0,70867.0,17120546.0,30453.0,70691.0
Aminer,naive,4,6,0.8,1055.0257,1039.9098,14.3401,2.2002,149968.0,70867.0,17120546.0,7294.0,12596.0
Aminer,naive,4,6,1.0,1059.371,1044.8879,13.6899,0.5794,141444.0,70867.0,17120546.0,1810.0,3443.0
Aminer,naive,4,7,0.0,1040.6807,1036.928,2.9843,0.0,0.0,47818.0,17120546.0,47818.0,17120546.0
Aminer,naive,4,7,0.2,1058.3534,1046.2327,11.3183,2.6382,32561.0,47818.0,17120546.0,47070.0,496408.0
Aminer,naive,4,7,0.4,1052.7608,1037.8055,14.1822,4.3194,71116.0,47818.0,17120546.0,37322.0,176388.0
Aminer,naive,4,7,0.6,1057.729,1042.1312,14.8058,4.052,98087.0,47818.0,17120546.0,19015.0,45603.0
Aminer,naive,4,7,0.8,1052.4075,1038.7929,12.8212,1.4857,100335.0,47818.0,17120546.0,4210.0,8157.0
Aminer,naive,4,7,1.0,1051.7755,1038.9232,12.0599,0.3731,95256.0,47818.0,17120546.0,1045.0,2372.0
Aminer,naive,5,3,0.0,1039.1837,1035.3273,3.0748,0.0,0.0,281368.0,17120546.0,281368.0,17120546.0
Aminer,naive,5,3,0.2,1049.2858,1033.4424,15.0417,6.1751,127658.0,281368.0,17120546.0,279751.0,2068753.0
Aminer,naive,5,3,0.4,1057.4772,1033.4037,23.2758,10.7229,291309.0,281368.0,17120546.0,255431.0,923279.0
Aminer,naive,5,3,0.6,1062.1781,1032.9955,28.3783,12.955,467383.0,281368.0,17120546.0,187775.0,305250.0
Aminer,naive,5,3,0.8,1068.3925,1040.391,27.2234,9.1233,593665.0,281368.0,17120546.0,74442.0,64398.0
Aminer,naive,5,3,1.0,1053.4126,1030.7263,21.8972,2.7083,567750.0,281368.0,17120546.0,18563.0,13476.0
Aminer,naive,5,4,0.0,1035.7822,1031.8133,3.1951,0.0,0.0,122370.0,17120546.0,122370.0,17120546.0
Aminer,naive,5,4,0.2,1047.453,1034.0661,12.6051,3.9013,67225.0,122370.0,17120546.0,121245.0,1004502.0
Aminer,naive,5,4,0.4,1045.8666,1027.5763,17.5357,6.7416,141820.0,122370.0,17120546.0,107439.0,399009.0
Aminer,naive,5,4,0.6,1049.347,1028.4977,20.0797,7.6676,224206.0,122370.0,17120546.0,71327.0,119166.0
Aminer,naive,5,4,0.8,1053.5768,1034.6919,18.113,4.5156,263361.0,122370.0,17120546.0,22479.0,22888.0
Aminer,naive,5,4,1.0,1058.0353,1041.6925,15.5662,1.0639,246103.0,122370.0,17120546.0,4218.0,4328.0
Aminer,naive,5,5,0.0,1050.8376,1046.8834,3.1379,0.0,0.0,67682.0,17120546.0,67682.0,17120546.0
Aminer,naive,5,5,0.2,1046.5589,1034.3327,11.4445,2.9043,40531.0,67682.0,17120546.0,66908.0,579347.0
Aminer,naive,5,5,0.4,1059.1892,1043.1919,15.2093,5.0655,84433.0,67682.0,17120546.0,57808.0,217071.0
Aminer,naive,5,5,0.6,1056.2678,1038.7503,16.731,5.586,130778.0,67682.0,17120546.0,35444.0,62512.0
Aminer,naive,5,5,0.8,1009.6214,995.2641,13.5991,2.3544,146174.0,67682.0,17120546.0,8897.0,10921.0
Aminer,naive,5,5,0.8,1048.2652,1033.2635,14.235,2.5168,146174.0,67682.0,17120546.0,8897.0,10921.0
Aminer,naive,5,5,1.0,1049.696,1036.1952,12.715,0.5379,135685.0,67682.0,17120546.0,1550.0,2190.0
Aminer,naive,5,6,0.0,1041.3852,1037.5468,3.0335,0.0,0.0,43218.0,17120546.0,43218.0,17120546.0
Aminer,naive,5,6,0.2,1036.8505,1025.6056,10.4973,2.2962,28209.0,43218.0,17120546.0,42466.0,378592.0
Aminer,naive,5,6,0.4,1064.3167,1049.3746,14.0844,4.2181,58844.0,43218.0,17120546.0,35779.0,134752.0
Aminer,naive,5,6,0.6,1046.3607,1031.3453,14.2554,4.083,86323.0,43218.0,17120546.0,20340.0,37295.0
Aminer,naive,5,6,0.8,1058.4352,1044.998,12.6548,1.638,92271.0,43218.0,17120546.0,4453.0,6217.0
Aminer,naive,5,6,1.0,1053.5091,1041.1418,11.5873,0.3016,86399.0,43218.0,17120546.0,794.0,1371.0
Aminer,naive,5,7,0.0,1048.2358,1044.1633,3.2446,0.0,0.0,30090.0,17120546.0,30090.0,17120546.0
Aminer,naive,5,7,0.2,1055.2528,1044.0409,10.4242,1.983,20333.0,30090.0,17120546.0,29607.0,270137.0
Aminer,naive,5,7,0.4,1057.4233,1044.1356,12.4947,3.3422,43582.0,30090.0,17120546.0,24226.0,93707.0
Aminer,naive,5,7,0.6,1068.4961,1054.2975,13.3906,3.2857,60972.0,30090.0,17120546.0,13270.0,25031.0
Aminer,naive,5,7,0.8,1054.4652,1041.9792,11.7003,1.1358,63818.0,30090.0,17120546.0,2685.0,4217.0
Aminer,naive,5,7,1.0,1047.9583,1036.355,10.8309,0.2065,60059.0,30090.0,17120546.0,490.0,1029.0
Aminer,naive,6,3,0.0,1053.7306,1049.808,3.1198,0.0,0.0,176521.0,17120546.0,176521.0,17120546.0
Aminer,naive,6,3,0.2,1049.0384,1034.998,13.2491,4.5429,87725.0,176521.0,17120546.0,175346.0,1277432.0
Aminer,naive,6,3,0.4,1062.957,1042.7123,19.4349,7.8363,185949.0,176521.0,17120546.0,159441.0,514559.0
Aminer,naive,6,3,0.6,1062.8414,1039.3934,22.6511,9.2344,290503.0,176521.0,17120546.0,118160.0,160563.0
Aminer,naive,6,3,0.8,1065.786,1043.6576,21.3236,6.5764,371054.0,176521.0,17120546.0,48748.0,35046.0
Aminer,naive,6,3,1.0,1057.5025,1039.507,17.2089,1.5662,355139.0,176521.0,17120546.0,9484.0,5628.0
Aminer,naive,6,4,0.0,1043.7024,1039.8629,3.0621,0.0,0.0,78354.0,17120546.0,78354.0,17120546.0
Aminer,naive,6,4,0.2,1047.4685,1035.3416,11.3731,2.9019,44010.0,78354.0,17120546.0,77627.0,598228.0
Aminer,naive,6,4,0.4,1064.0515,1048.0214,15.2387,5.0807,89086.0,78354.0,17120546.0,69107.0,221598.0
Aminer,naive,6,4,0.6,1054.6523,1036.8261,17.0527,6.1464,141582.0,78354.0,17120546.0,46922.0,65206.0
Aminer,naive,6,4,0.8,1057.681,1041.3092,15.5755,3.5864,169386.0,78354.0,17120546.0,15668.0,12888.0
Aminer,naive,6,4,1.0,1055.8929,1041.9528,13.1498,0.6086,157583.0,78354.0,17120546.0,2079.0,1820.0
Aminer,naive,6,5,0.0,1041.5073,1037.7253,3.0058,0.0,0.0,45351.0,17120546.0,45351.0,17120546.0
Aminer,naive,6,5,0.2,1049.3526,1037.8768,10.6966,2.2818,27231.0,45351.0,17120546.0,44831.0,349490.0
Aminer,naive,6,5,0.4,1049.6815,1035.7301,13.1907,3.8966,55862.0,45351.0,17120546.0,39067.0,122773.0
Aminer,naive,6,5,0.6,1057.8991,1042.4895,14.6253,4.404,85767.0,45351.0,17120546.0,24926.0,35467.0
Aminer,naive,6,5,0.8,1057.2224,1043.3126,13.1104,2.0473,98445.0,45351.0,17120546.0,6475.0,6597.0
Aminer,naive,6,5,1.0,1048.3556,1035.9656,11.6271,0.3152,90936.0,45351.0,17120546.0,825.0,1036.0
Aminer,naive,6,6,0.0,1048.3414,1044.4434,3.1093,0.0,0.0,30054.0,17120546.0,30054.0,17120546.0
Aminer,naive,6,6,0.2,1049.4177,1038.1074,10.5284,1.9849,19769.0,30054.0,17120546.0,29501.0,235313.0
Aminer,naive,6,6,0.4,1053.2269,1039.6233,12.7726,3.3612,39363.0,30054.0,17120546.0,25431.0,81212.0
Aminer,naive,6,6,0.6,1059.9095,1045.761,13.3483,3.5904,59269.0,30054.0,17120546.0,15103.0,22268.0
Aminer,naive,6,6,0.8,1054.9437,1042.1567,11.961,1.335,64617.0,30054.0,17120546.0,3352.0,3955.0
Aminer,naive,6,6,1.0,1055.0528,1043.5727,10.6957,0.2059,60126.0,30054.0,17120546.0,447.0,720.0
Aminer,naive,6,7,0.0,1041.0503,1037.2403,3.0328,0.0,0.0,21581.0,17120546.0,21581.0,17120546.0
Aminer,naive,6,7,0.2,1056.7292,1045.8827,10.0418,1.631,14586.0,21581.0,17120546.0,21254.0,173083.0
Aminer,naive,6,7,0.4,1051.8346,1039.4399,11.6162,2.7574,31293.0,21581.0,17120546.0,17373.0,54903.0
Aminer,naive,6,7,0.6,1057.9017,1044.969,12.1333,2.6487,43547.0,21581.0,17120546.0,9815.0,14626.0
Aminer,naive,6,7,0.8,1056.4861,1044.6858,11.0037,0.9546,45887.0,21581.0,17120546.0,2111.0,2829.0
Aminer,naive,6,7,1.0,1041.2458,1030.4716,10.0099,0.1287,43057.0,21581.0,17120546.0,300.0,557.0
Aminer,naive,7,3,0.0,1039.7888,1035.9329,3.0718,0.0,0.0,118040.0,17120546.0,118040.0,17120546.0
Aminer,naive,7,3,0.2,1059.9398,1046.4174,12.7149,3.7457,61301.0,118040.0,17120546.0,117039.0,815485.0
Aminer,naive,7,3,0.4,1057.2587,1039.4126,17.0199,6.1308,124775.0,118040.0,17120546.0,106586.0,305767.0
Aminer,naive,7,3,0.6,1060.342,1040.5014,19.025,7.127,187388.0,118040.0,17120546.0,81671.0,95294.0
Aminer,naive,7,3,0.8,1061.8825,1043.0829,17.9814,5.1923,245143.0,118040.0,17120546.0,36173.0,22406.0
Aminer,naive,7,3,1.0,1053.3231,1037.9909,14.544,0.9537,236683.0,118040.0,17120546.0,5589.0,3021.0
Aminer,naive,7,4,0.0,1040.563,1036.8043,2.9827,0.0,0.0,55027.0,17120546.0,55027.0,17120546.0
Aminer,naive,7,4,0.2,1054.5404,1042.8139,10.9314,2.459,30692.0,55027.0,17120546.0,54469.0,383601.0
Aminer,naive,7,4,0.4,1055.6671,1041.2384,13.6169,4.0411,59944.0,55027.0,17120546.0,49361.0,138435.0
Aminer,naive,7,4,0.6,1059.4075,1043.3168,15.294,5.0478,96334.0,55027.0,17120546.0,34962.0,40743.0
Aminer,naive,7,4,0.8,1052.8702,1038.1722,13.9162,2.9481,118847.0,55027.0,17120546.0,12402.0,9138.0
Aminer,naive,7,4,1.0,1038.3029,1026.1298,11.4252,0.3722,110569.0,55027.0,17120546.0,1238.0,1029.0
Aminer,naive,7,5,0.0,1036.7609,1032.8412,3.1243,0.0,0.0,33733.0,17120546.0,33733.0,17120546.0
Aminer,naive,7,5,0.2,1108.7543,1097.0319,10.8503,2.056,20131.0,33733.0,17120546.0,33309.0,238856.0
Aminer,naive,7,5,0.4,1049.9361,1036.5619,12.552,3.3231,40253.0,33733.0,17120546.0,29420.0,81160.0
Aminer,naive,7,5,0.6,1105.6832,1090.8113,14.0102,3.8868,63320.0,33733.0,17120546.0,19544.0,22955.0
Aminer,naive,7,5,0.8,1032.1808,1019.9792,11.4716,1.6449,73729.0,33733.0,17120546.0,5170.0,4639.0
Aminer,naive,7,5,1.0,1046.1978,1034.6671,10.7678,0.2191,67618.0,33733.0,17120546.0,512.0,615.0
Aminer,naive,7,6,0.0,1036.3946,1032.5141,3.0893,0.0,0.0,23111.0,17120546.0,23111.0,17120546.0
Aminer,naive,7,6,0.2,1053.8698,1042.8413,10.2255,1.7265,14833.0,23111.0,17120546.0,22735.0,165741.0
Aminer,naive,7,6,0.4,1059.4384,1046.8336,11.773,2.8397,30389.0,23111.0,17120546.0,19619.0,53680.0
Aminer,naive,7,6,0.6,1059.0609,1045.8334,12.3941,3.0746,45081.0,23111.0,17120546.0,12167.0,14656.0
Aminer,naive,7,6,0.8,1044.4895,1033.0196,10.7081,1.1231,49776.0,23111.0,17120546.0,2841.0,2946.0
Aminer,naive,7,6,1.0,1095.3488,1083.9584,10.572,0.1421,46274.0,23111.0,17120546.0,306.0,495.0
Aminer,naive,7,7,0.0,1044.5306,1040.6769,3.0683,0.0,0.0,17009.0,17120546.0,17009.0,17120546.0
Aminer,naive,7,7,0.2,1098.899,1087.8458,10.2311,1.5095,11579.0,17009.0,17120546.0,16742.0,122414.0
Aminer,naive,7,7,0.4,1059.5685,1047.4468,11.3087,2.4308,24297.0,17009.0,17120546.0,13752.0,37312.0
Aminer,naive,7,7,0.6,1057.616,1045.2972,11.481,2.306,33422.0,17009.0,17120546.0,8256.0,10268.0
Aminer,naive,7,7,0.8,1051.1905,1039.9026,10.4897,0.8116,36143.0,17009.0,17120546.0,1857.0,2214.0
Aminer,naive,7,7,1.0,1037.4745,1027.1676,9.5389,0.0991,33973.0,17009.0,17120546.0,205.0,407.0
Aminer,naive,8,8,0.8,1017.7189,1007.3611,9.603,0.5121,24544.0,11316.0,17120546.0,865.0,1306.0
Aminer,naive,9,9,0.8,1036.0936,1025.6293,9.6719,0.381,17899.0,8282.0,17120546.0,595.0,746.0
Aminer,naive,10,10,0.8,1017.4668,1007.4718,9.2305,0.2732,13307.0,6303.0,17120546.0,402.0,558.0
Aminer,ASAP,3,3,0.0,1026.9871,1022.0024,3.149,0.0,0.0,808177.0,17120546.0,808177.0,17120546.0
Aminer,ASAP,3,3,0.2,1047.2845,1034.9967,10.426,1.9866,44071.0,808177.0,17120546.0,806166.0,5083240.0
Aminer,ASAP,3,3,0.4,1068.4559,1038.6519,27.9326,12.1574,428223.0,808177.0,17120546.0,756495.0,2973934.0
Aminer,ASAP,3,3,0.6,1085.778,1042.1269,41.7707,16.6785,868718.0,808177.0,17120546.0,541198.0,1221553.0
Aminer,ASAP,3,3,0.8,1084.5823,1040.6954,42.011,11.5547,1015844.0,808177.0,17120546.0,251449.0,332486.0
Aminer,ASAP,3,3,1.0,1056.0774,1018.6171,35.6006,4.6621,901570.0,808177.0,17120546.0,87829.0,110703.0
Aminer,ASAP,3,4,0.0,1057.0264,1052.0708,3.1753,0.0,0.0,379270.0,17120546.0,379270.0,17120546.0
Aminer,ASAP,3,4,0.2,1030.0199,1017.1767,11.1487,2.2085,41576.0,379270.0,17120546.0,377020.0,3135230.0
Aminer,ASAP,3,4,0.4,1082.8293,1057.6468,23.4636,8.817,268610.0,379270.0,17120546.0,336202.0,1581858.0
Aminer,ASAP,3,4,0.6,1133.8399,1098.6503,33.2884,10.7801,454938.0,379270.0,17120546.0,202376.0,517316.0
Aminer,ASAP,3,4,0.8,1048.4292,1019.661,27.1102,5.465,460425.0,379270.0,17120546.0,76664.0,120221.0
Aminer,ASAP,3,4,1.0,1050.1042,1024.0825,24.3026,1.9613,404653.0,379270.0,17120546.0,23645.0,38520.0
Aminer,ASAP,3,5,0.0,1037.7607,1033.0468,3.0639,0.0,0.0,211702.0,17120546.0,211702.0,17120546.0
Aminer,ASAP,3,5,0.2,1050.0545,1037.2919,11.086,2.128,34286.0,211702.0,17120546.0,209673.0,2057765.0
Aminer,ASAP,3,5,0.4,1057.5098,1034.8516,20.8279,6.9973,174884.0,211702.0,17120546.0,177682.0,923779.0
Aminer,ASAP,3,5,0.6,1071.8344,1045.4721,24.5367,6.8956,262004.0,211702.0,17120546.0,93432.0,259747.0
Aminer,ASAP,3,5,0.8,1054.6561,1031.5544,21.4273,3.2068,247954.0,211702.0,17120546.0,30564.0,57326.0
Aminer,ASAP,3,5,1.0,1028.3595,1007.8246,18.8823,0.9386,219750.0,211702.0,17120546.0,9125.0,18782.0
Aminer,ASAP,3,6,0.0,1036.7324,1031.915,3.1421,0.0,0.0,131804.0,17120546.0,131804.0,17120546.0
Aminer,ASAP,3,6,0.2,1059.9612,1046.9271,11.349,2.0027,27478.0,131804.0,17120546.0,130034.0,1414614.0
Aminer,ASAP,3,6,0.4,1046.0715,1027.2357,17.1612,4.9747,118377.0,131804.0,17120546.0,105272.0,584038.0
Aminer,ASAP,3,6,0.6,1060.4016,1039.0701,19.6649,4.8601,162870.0,131804.0,17120546.0,50371.0,150411.0
Aminer,ASAP,3,6,0.8,1057.7576,1038.309,17.7524,1.9645,149796.0,131804.0,17120546.0,15126.0,33160.0
Aminer,ASAP,3,6,1.0,1053.9731,1035.784,16.5298,0.5952,134738.0,131804.0,17120546.0,4524.0,11258.0
Aminer,ASAP,3,7,0.0,1042.218,1037.4762,3.0929,0.0,0.0,88562.0,17120546.0,88562.0,17120546.0
Aminer,ASAP,3,7,0.2,1101.3286,1088.157,11.4023,1.939,22291.0,88562.0,17120546.0,87123.0,1023820.0
Aminer,ASAP,3,7,0.4,1054.2264,1036.5861,15.9562,4.044,84528.0,88562.0,17120546.0,67895.0,399067.0
Aminer,ASAP,3,7,0.6,1126.561,1105.9078,18.759,3.955,107072.0,88562.0,17120546.0,30678.0,97649.0
Aminer,ASAP,3,7,0.8,1112.5221,1094.4334,16.3056,1.3601,98116.0,88562.0,17120546.0,8555.0,21360.0
Aminer,ASAP,3,7,1.0,1046.8149,1030.7229,14.4234,0.3183,89694.0,88562.0,17120546.0,2652.0,7660.0
Aminer,ASAP,4,3,0.0,1031.1718,1026.2525,3.1771,0.0,0.0,469732.0,17120546.0,469732.0,17120546.0
Aminer,ASAP,4,3,0.2,1039.7136,1026.6597,11.2457,2.1831,41866.0,469732.0,17120546.0,467846.0,3304473.0
Aminer,ASAP,4,3,0.4,1066.5378,1040.005,24.73,9.7302,300252.0,469732.0,17120546.0,432518.0,1686136.0
Aminer,ASAP,4,3,0.6,1064.816,1030.1896,32.8666,12.0345,528529.0,469732.0,17120546.0,314698.0,613984.0
Aminer,ASAP,4,3,0.8,1073.4581,1038.432,33.1894,8.1834,593598.0,469732.0,17120546.0,130175.0,137363.0
Aminer,ASAP,4,3,1.0,1059.4627,1031.3786,26.3039,2.6217,513729.0,469732.0,17120546.0,38818.0,35739.0
Aminer,ASAP,4,4,0.0,1034.9282,1030.0484,3.1659,0.0,0.0,209188.0,17120546.0,209188.0,17120546.0
Aminer,ASAP,4,4,0.2,1040.4108,1027.6314,11.0865,1.9889,32864.0,209188.0,17120546.0,207498.0,1788007.0
Aminer,ASAP,4,4,0.4,1064.5476,1042.8607,19.9207,6.6209,163149.0,209188.0,17120546.0,183386.0,783290.0
Aminer,ASAP,4,4,0.6,1053.7956,1028.6257,23.4665,7.0066,252632.0,209188.0,17120546.0,116438.0,241620.0
Aminer,ASAP,4,4,0.8,1060.5598,1037.8068,21.065,3.6335,253538.0,209188.0,17120546.0,38204.0,47877.0
Aminer,ASAP,4,4,1.0,1062.9441,1042.7471,18.5193,0.9579,219820.0,209188.0,17120546.0,9487.0,11928.0
Aminer,ASAP,4,5,0.0,1062.1546,1057.0672,3.2995,0.0,0.0,114192.0,17120546.0,114192.0,17120546.0
Aminer,ASAP,4,5,0.2,1043.2479,1030.8181,10.8014,1.7318,24333.0,114192.0,17120546.0,113015.0,1075914.0
Aminer,ASAP,4,5,0.4,1068.0626,1049.7118,16.6271,4.6071,97834.0,114192.0,17120546.0,96090.0,428742.0
Aminer,ASAP,4,5,0.6,1085.709,1065.5164,18.4542,4.5427,139174.0,114192.0,17120546.0,55635.0,121844.0
Aminer,ASAP,4,5,0.8,1080.7154,1061.6714,17.2683,2.103,134178.0,114192.0,17120546.0,14909.0,22222.0
Aminer,ASAP,4,5,1.0,1072.8678,1055.2803,15.8601,0.4734,117362.0,114192.0,17120546.0,3586.0,5794.0
Aminer,ASAP,4,6,0.0,1069.6167,1064.4952,3.3451,0.0,0.0,70867.0,17120546.0,70867.0,17120546.0
Aminer,ASAP,4,6,0.2,1048.6518,1036.3235,10.7269,1.535,18887.0,70867.0,17120546.0,69777.0,702112.0
Aminer,ASAP,4,6,0.4,1052.6556,1036.901,14.101,3.2837,64954.0,70867.0,17120546.0,57299.0,263980.0
Aminer,ASAP,4,6,0.6,1043.9497,1027.1382,15.2193,3.1168,86392.0,70867.0,17120546.0,30453.0,70691.0
Aminer,ASAP,4,6,0.8,1055.819,1040.2953,13.866,1.2237,80946.0,70867.0,17120546.0,7294.0,12596.0
Aminer,ASAP,4,6,1.0,1058.1805,1043.1506,13.3738,0.2533,71980.0,70867.0,17120546.0,1810.0,3443.0
Aminer,ASAP,4,7,0.0,1032.5304,1027.9269,2.9962,0.0,0.0,47818.0,17120546.0,47818.0,17120546.0
Aminer,ASAP,4,7,0.2,1039.8941,1028.0145,10.2557,1.3857,15129.0,47818.0,17120546.0,47070.0,496408.0
Aminer,ASAP,4,7,0.4,1051.481,1036.6801,13.1561,2.7303,46047.0,47818.0,17120546.0,37322.0,176388.0
Aminer,ASAP,4,7,0.6,1097.1648,1081.9506,13.5431,2.2578,57649.0,47818.0,17120546.0,19015.0,45603.0
Aminer,ASAP,4,7,0.8,1093.4669,1079.1029,12.6835,0.7986,53282.0,47818.0,17120546.0,4210.0,8157.0
Aminer,ASAP,4,7,1.0,1046.636,1032.8669,12.1395,0.1523,48220.0,47818.0,17120546.0,1045.0,2372.0
Aminer,ASAP,5,3,0.0,1037.1994,1032.2872,3.1804,0.0,0.0,281368.0,17120546.0,281368.0,17120546.0
Aminer,ASAP,5,3,0.2,1060.6251,1047.8137,11.0942,1.976,36381.0,281368.0,17120546.0,279751.0,2068753.0
Aminer,ASAP,5,3,0.4,1058.3638,1036.0137,20.6211,7.0926,199522.0,281368.0,17120546.0,255431.0,923279.0
Aminer,ASAP,5,3,0.6,1060.625,1033.8481,25.0071,8.0062,320855.0,281368.0,17120546.0,187775.0,305250.0
Aminer,ASAP,5,3,0.8,1059.2575,1033.1154,24.4422,5.2047,352533.0,281368.0,17120546.0,74442.0,64398.0
Aminer,ASAP,5,3,1.0,1059.6312,1037.7783,20.1078,1.4048,302009.0,281368.0,17120546.0,18563.0,13476.0
Aminer,ASAP,5,4,0.0,1040.2303,1035.5033,3.0417,0.0,0.0,122370.0,17120546.0,122370.0,17120546.0
Aminer,ASAP,5,4,0.2,1046.5002,1033.8923,10.913,1.6981,24718.0,122370.0,17120546.0,121245.0,1004502.0
Aminer,ASAP,5,4,0.4,1061.0305,1043.3142,16.0011,4.3892,97469.0,122370.0,17120546.0,107439.0,399009.0
Aminer,ASAP,5,4,0.6,1043.9001,1024.2427,18.0543,4.7788,145509.0,122370.0,17120546.0,71327.0,119166.0
Aminer,ASAP,5,4,0.8,1049.3369,1030.6927,16.9847,2.5789,148340.0,122370.0,17120546.0,22479.0,22888.0
Aminer,ASAP,5,4,1.0,1080.9102,1063.5555,15.6068,0.5189,127127.0,122370.0,17120546.0,4218.0,4328.0
Aminer,ASAP,5,5,0.0,1047.8144,1043.0041,3.136,0.0,0.0,67682.0,17120546.0,67682.0,17120546.0
Aminer,ASAP,5,5,0.2,1040.0824,1027.9276,10.5321,1.5068,17491.0,67682.0,17120546.0,66908.0,579347.0
Aminer,ASAP,5,5,0.4,1053.8708,1038.395,13.7666,3.1733,57544.0,67682.0,17120546.0,57808.0,217071.0
Aminer,ASAP,5,5,0.6,1052.2407,1035.4905,14.9753,3.2221,81292.0,67682.0,17120546.0,35444.0,62512.0
Aminer,ASAP,5,5,0.8,1052.713,1037.0652,13.9267,1.4278,80098.0,67682.0,17120546.0,8897.0,10921.0
Aminer,ASAP,5,5,1.0,1053.7358,1035.79,16.176,0.2408,69150.0,67682.0,17120546.0,1550.0,2190.0
Aminer,ASAP,5,6,0.0,1036.7192,1031.9875,3.1068,0.0,0.0,43218.0,17120546.0,43218.0,17120546.0
Aminer,ASAP,5,6,0.2,1047.6092,1035.5215,10.3398,1.2985,13629.0,43218.0,17120546.0,42466.0,378592.0
Aminer,ASAP,5,6,0.4,1100.8562,1086.5668,12.6484,2.4688,38987.0,43218.0,17120546.0,35779.0,134752.0
Aminer,ASAP,5,6,0.6,1090.175,1074.5725,13.8822,2.5544,52260.0,43218.0,17120546.0,20340.0,37295.0
Aminer,ASAP,5,6,0.8,1049.6279,1035.5181,12.4749,0.8737,49638.0,43218.0,17120546.0,4453.0,6217.0
Aminer,ASAP,5,6,1.0,1102.0188,1088.1399,12.1661,0.1503,43750.0,43218.0,17120546.0,794.0,1371.0
Aminer,ASAP,5,7,0.0,1042.0941,1037.2468,3.2069,0.0,0.0,30090.0,17120546.0,30090.0,17120546.0
Aminer,ASAP,5,7,0.2,1048.2545,1036.5225,10.082,1.1802,10719.0,30090.0,17120546.0,29607.0,270137.0
Aminer,ASAP,5,7,0.4,1053.9547,1040.4352,11.8053,2.0445,28514.0,30090.0,17120546.0,24226.0,93707.0
Aminer,ASAP,5,7,0.6,1053.4783,1039.4226,12.3587,1.83,36148.0,30090.0,17120546.0,13270.0,25031.0
Aminer,ASAP,5,7,0.8,1053.4331,1040.2295,11.4875,0.5803,33764.0,30090.0,17120546.0,2685.0,4217.0
Aminer,ASAP,5,7,1.0,1046.4935,1033.6097,11.2875,0.0882,30327.0,30090.0,17120546.0,490.0,1029.0
Aminer,ASAP,6,3,0.0,1036.2227,1031.4342,3.0925,0.0,0.0,176521.0,17120546.0,176521.0,17120546.0
Aminer,ASAP,6,3,0.2,1044.7767,1031.9987,11.1205,1.7943,29556.0,176521.0,17120546.0,175346.0,1277432.0
Aminer,ASAP,6,3,0.4,1059.3985,1040.1462,17.48,5.2129,129613.0,176521.0,17120546.0,159441.0,514559.0
Aminer,ASAP,6,3,0.6,1055.168,1032.9389,20.525,5.9615,199771.0,176521.0,17120546.0,118160.0,160563.0
Aminer,ASAP,6,3,0.8,1077.5888,1055.9705,19.8849,3.9769,219695.0,176521.0,17120546.0,48748.0,35046.0
Aminer,ASAP,6,3,1.0,1053.5652,1035.3139,16.538,0.7849,186505.0,176521.0,17120546.0,9484.0,5628.0
Aminer,ASAP,6,4,0.0,1037.6169,1032.8264,3.1168,0.0,0.0,78354.0,17120546.0,78354.0,17120546.0
Aminer,ASAP,6,4,0.2,1050.2468,1037.6767,10.8937,1.4462,18525.0,78354.0,17120546.0,77627.0,598228.0
Aminer,ASAP,6,4,0.4,1057.3235,1041.4264,14.197,3.3581,61741.0,78354.0,17120546.0,69107.0,221598.0
Aminer,ASAP,6,4,0.6,1062.05,1044.9031,15.4756,3.5342,91178.0,78354.0,17120546.0,46922.0,65206.0
Aminer,ASAP,6,4,0.8,1046.1815,1030.0625,14.517,1.9729,95309.0,78354.0,17120546.0,15668.0,12888.0
Aminer,ASAP,6,4,1.0,1093.5602,1078.9496,12.9329,0.2832,80827.0,78354.0,17120546.0,2079.0,1820.0
Aminer,ASAP,6,5,0.0,1041.4661,1036.63,3.1475,0.0,0.0,45351.0,17120546.0,45351.0,17120546.0
Aminer,ASAP,6,5,0.2,1089.7037,1077.7466,10.2963,1.2223,13162.0,45351.0,17120546.0,44831.0,349490.0
Aminer,ASAP,6,5,0.4,1049.468,1035.2336,12.5781,2.4959,37951.0,45351.0,17120546.0,39067.0,122773.0
Aminer,ASAP,6,5,0.6,1047.9452,1032.974,13.3093,2.5506,53224.0,45351.0,17120546.0,24926.0,35467.0
Aminer,ASAP,6,5,0.8,1050.9738,1037.0408,12.2828,1.1107,53843.0,45351.0,17120546.0,6475.0,6597.0
Aminer,ASAP,6,5,1.0,1037.1635,1023.8496,11.6777,0.139,46122.0,45351.0,17120546.0,825.0,1036.0
Aminer,ASAP,6,6,0.0,1030.8798,1026.2747,3.0091,0.0,0.0,30054.0,17120546.0,30054.0,17120546.0
Aminer,ASAP,6,6,0.2,1047.847,1035.5363,10.6398,1.1584,10523.0,30054.0,17120546.0,29501.0,235313.0
Aminer,ASAP,6,6,0.4,1063.1763,1048.895,12.522,2.1763,26604.0,30054.0,17120546.0,25431.0,81212.0
Aminer,ASAP,6,6,0.6,1060.313,1046.0553,12.4886,2.049,35782.0,30054.0,17120546.0,15103.0,22268.0
Aminer,ASAP,6,6,0.8,1050.7054,1037.3429,11.7154,0.7421,34749.0,30054.0,17120546.0,3352.0,3955.0
Aminer,ASAP,6,6,1.0,1060.4949,1047.2634,11.5437,0.0911,30366.0,30054.0,17120546.0,447.0,720.0
Aminer,ASAP,6,7,0.0,1053.9401,1048.9352,3.2641,0.0,0.0,21581.0,17120546.0,21581.0,17120546.0
Aminer,ASAP,6,7,0.2,1056.2316,1044.6853,9.9129,1.0167,8348.0,21581.0,17120546.0,21254.0,173083.0
Aminer,ASAP,6,7,0.4,1055.6583,1042.3493,11.6322,1.8408,20458.0,21581.0,17120546.0,17373.0,54903.0
Aminer,ASAP,6,7,0.6,1063.5231,1049.8596,11.9442,1.6028,25601.0,21581.0,17120546.0,9815.0,14626.0
Aminer,ASAP,6,7,1.0,1054.3483,1041.9409,10.7674,0.0567,21682.0,21581.0,17120546.0,300.0,557.0
Aminer,ASAP,7,3,0.0,1048.9373,1044.0834,3.1569,0.0,0.0,118040.0,17120546.0,118040.0,17120546.0
Aminer,ASAP,7,3,0.2,1108.3416,1095.9418,10.7802,1.5385,23528.0,118040.0,17120546.0,117039.0,815485.0
Aminer,ASAP,7,3,0.4,1104.1019,1086.5589,15.8736,4.0881,87614.0,118040.0,17120546.0,106586.0,305767.0
Aminer,ASAP,7,3,0.6,1055.2729,1036.1067,17.5211,4.6828,128766.0,118040.0,17120546.0,81671.0,95294.0
Aminer,ASAP,7,3,0.8,1059.9211,1041.6115,16.6498,2.9695,145421.0,118040.0,17120546.0,36173.0,22406.0
Aminer,ASAP,7,3,1.0,1119.2112,1103.2161,14.3269,0.4654,123341.0,118040.0,17120546.0,5589.0,3021.0
Aminer,ASAP,7,4,0.0,1050.7281,1045.9218,3.1379,0.0,0.0,55027.0,17120546.0,55027.0,17120546.0
Aminer,ASAP,7,4,0.2,1046.8148,1035.041,10.1527,1.2577,14079.0,55027.0,17120546.0,54469.0,383601.0
Aminer,ASAP,7,4,0.4,1102.6208,1087.9744,12.9852,2.7008,41888.0,55027.0,17120546.0,49361.0,138435.0
Aminer,ASAP,7,4,0.6,1054.5264,1038.4299,14.4184,2.9855,62181.0,55027.0,17120546.0,34962.0,40743.0
Aminer,ASAP,7,4,0.8,1057.2845,1042.1877,13.4409,1.6644,66748.0,55027.0,17120546.0,12402.0,9138.0
Aminer,ASAP,7,4,1.0,1062.1832,1048.3056,12.1897,0.1742,56417.0,55027.0,17120546.0,1238.0,1029.0
Aminer,ASAP,7,5,0.0,1048.2733,1043.453,3.1114,0.0,0.0,33733.0,17120546.0,33733.0,17120546.0
Aminer,ASAP,7,5,0.2,1048.2137,1036.3619,10.24,1.127,10383.0,33733.0,17120546.0,33309.0,238856.0
Aminer,ASAP,7,5,0.4,1056.2666,1042.7231,11.8788,2.1302,27624.0,33733.0,17120546.0,29420.0,81160.0
Aminer,ASAP,7,5,0.6,1034.3395,1020.3334,12.4092,2.1567,39366.0,33733.0,17120546.0,19544.0,22955.0
Aminer,ASAP,7,5,0.8,1047.7727,1034.3063,11.8332,0.997,40175.0,33733.0,17120546.0,5170.0,4639.0
Aminer,ASAP,7,5,1.0,1048.1836,1035.3755,11.1928,0.0974,34168.0,33733.0,17120546.0,512.0,615.0
Aminer,ASAP,7,6,0.0,1041.9014,1037.1978,3.0485,0.0,0.0,23111.0,17120546.0,23111.0,17120546.0
Aminer,ASAP,7,6,0.2,1056.0383,1044.3514,9.9494,1.0363,8451.0,23111.0,17120546.0,22735.0,165741.0
Aminer,ASAP,7,6,0.4,1054.4298,1041.4991,11.2605,1.787,20399.0,23111.0,17120546.0,19619.0,53680.0
Aminer,ASAP,7,6,0.6,1088.2502,1075.0283,11.5725,1.6751,27114.0,23111.0,17120546.0,12167.0,14656.0
Aminer,ASAP,7,6,0.8,1054.9033,1042.0777,11.1358,0.6059,26621.0,23111.0,17120546.0,2841.0,2946.0
Aminer,ASAP,7,6,1.0,1048.7617,1036.3969,10.7335,0.0585,23330.0,23111.0,17120546.0,306.0,495.0
Aminer,ASAP,7,7,0.0,1080.2644,1075.3651,3.2427,0.0,0.0,17009.0,17120546.0,17009.0,17120546.0
Aminer,ASAP,7,7,0.2,1057.2028,1045.6861,9.8793,0.9252,7109.0,17009.0,17120546.0,16742.0,122414.0
Aminer,ASAP,7,7,0.4,1044.3704,1031.9713,10.8045,1.5707,16103.0,17009.0,17120546.0,13752.0,37312.0
Aminer,ASAP,7,7,0.6,1045.4913,1032.5859,11.3259,1.3523,19570.0,17009.0,17120546.0,8256.0,10268.0
Aminer,ASAP,7,7,0.8,1053.3884,1041.106,10.6001,0.4176,19075.0,17009.0,17120546.0,1857.0,2214.0
Aminer,ASAP,7,7,1.0,1055.026,1043.0306,10.3415,0.0421,17095.0,17009.0,17120546.0,205.0,407.0
Aminer,ASAP,8,8,0.8,996.7808,985.0332,10.1347,0.2496,12656.0,11316.0,17120546.0,865.0,1306.0
Aminer,ASAP,9,9,0.8,1031.1985,1019.6503,9.8824,0.1983,9257.0,8282.0,17120546.0,595.0,746.0
Aminer,ASAP,10,10,0.8,1030.7312,1019.3799,9.697,0.1372,6881.0,6303.0,17120546.0,402.0,558.0
Cooking,naive,3,3,0.8,3.408,2.0693,1.3365,1.3236,1397.0,2980.0,39774.0,2946.0,38848.0
Cooking,naive,5,5,0.8,3.4839,2.0653,1.4165,1.3987,1683.0,1870.0,39774.0,1850.0,37410.0
Cooking,naive,10,10,0.8,4.9448,2.1934,2.7492,2.7114,2346.0,910.0,39774.0,849.0,30751.0
Cooking,naive,20,20,0.8,3.1233,2.2857,0.8356,0.7069,1167.0,385.0,39774.0,0.0,0.0
Cooking,naive,30,30,0.8,2.7935,2.5101,0.2811,0.1763,358.0,179.0,39774.0,0.0,0.0
Cooking,naive,40,40,0.8,2.652,2.5285,0.1214,0.04,204.0,102.0,39774.0,0.0,0.0
Cooking,naive,50,50,0.8,2.861,2.8349,0.0242,0.0,0.0,0.0,39774.0,0.0,0.0
Cooking,naive,60,60,0.8,2.8542,2.8272,0.0251,0.0,0.0,0.0,39774.0,0.0,0.0
Cooking,naive,70,70,0.8,2.9248,2.8975,0.0254,0.0,0.0,0.0,39774.0,0.0,0.0
Cooking,ASAP,3,3,0.8,2.9612,2.0731,0.8844,0.8464,1146.0,2980.0,39774.0,2946.0,38848.0
Cooking,ASAP,5,5,0.8,3.101,2.128,0.9696,0.9292,1415.0,1870.0,39774.0,1850.0,37410.0
Cooking,ASAP,10,10,0.8,3.0187,2.1546,0.8608,0.7978,1015.0,910.0,39774.0,849.0,30751.0
Cooking,ASAP,20,20,0.8,3.164,2.3616,0.8002,0.6208,827.0,385.0,39774.0,0.0,0.0
Cooking,ASAP,30,30,0.8,2.6744,2.4442,0.228,0.1003,201.0,179.0,39774.0,0.0,0.0
Cooking,ASAP,40,40,0.8,2.6811,2.5565,0.1224,0.0187,103.0,102.0,39774.0,0.0,0.0
Cooking,ASAP,50,50,0.8,2.8824,2.852,0.0285,0.0,0.0,0.0,39774.0,0.0,0.0
Cooking,ASAP,60,60,0.8,2.8691,2.8395,0.0277,0.0,0.0,0.0,39774.0,0.0,0.0
Cooking,ASAP,70,70,0.8,2.9042,2.8713,0.0309,0.0,0.0,0.0,39774.0,0.0,0.0
Dawn,naive,3,3,0.8,2.2324,1.5762,0.6525,0.6301,940.0,879.0,87104.0,861.0,81958.0
Dawn,naive,5,5,0.8,2.5141,1.6181,0.8923,0.8621,1007.0,561.0,87104.0,533.0,75108.0
Dawn,naive,10,10,0.8,2.5497,1.6152,0.9312,0.8919,827.0,303.0,87104.0,278.0,60955.0
Dawn,naive,20,20,0.8,3.401,1.69,1.7073,1.614,1142.0,145.0,87104.0,77.0,28501.0
Dawn,naive,30,30,0.8,2.0659,1.7328,0.3295,0.2012,160.0,80.0,87104.0,0.0,0.0
Dawn,naive,40,40,0.8,2.0143,1.9705,0.0404,0.0,0.0,0.0,87104.0,0.0,0.0
Dawn,naive,50,50,0.8,2.2817,2.2116,0.0652,0.0,0.0,0.0,87104.0,0.0,0.0
Dawn,naive,60,60,0.8,1.9975,1.9547,0.0395,0.0,0.0,0.0,87104.0,0.0,0.0
Dawn,naive,70,70,0.8,1.9905,1.9473,0.0399,0.0,0.0,0.0,87104.0,0.0,0.0
Dawn,ASAP,3,3,0.8,2.0152,1.5977,0.4114,0.3797,658.0,879.0,87104.0,861.0,81958.0
Dawn,ASAP,5,5,0.8,2.008,1.5928,0.4114,0.3709,578.0,561.0,87104.0,533.0,75108.0
Dawn,ASAP,10,10,0.8,2.0178,1.6341,0.3802,0.3285,368.0,303.0,87104.0,278.0,60955.0
Dawn,ASAP,20,20,0.8,2.591,1.6714,0.9161,0.804,648.0,145.0,87104.0,77.0,28501.0
Dawn,ASAP,30,30,0.8,2.1428,1.7509,0.3882,0.2392,147.0,80.0,87104.0,0.0,0.0
Dawn,ASAP,40,40,0.8,1.9736,1.9277,0.0424,0.0,0.0,0.0,87104.0,0.0,0.0
Dawn,ASAP,50,50,0.8,1.9879,1.9404,0.0441,0.0,0.0,0.0,87104.0,0.0,0.0
Dawn,ASAP,60,60,0.8,1.9712,1.9251,0.0425,0.0,0.0,0.0,87104.0,0.0,0.0
Dawn,ASAP,70,70,0.8,1.9812,1.9334,0.0444,0.0,0.0,0.0,87104.0,0.0,0.0
Genres,naive,3,3,0.8,19.8589,16.5703,3.2611,3.1398,150.0,994.0,887451.0,994.0,886903.0
Genres,naive,5,5,0.8,20.1621,16.6366,3.4971,3.3739,217.0,808.0,887451.0,808.0,886170.0
Genres,naive,7,7,0.8,20.114,16.5129,3.5725,3.4471,269.0,684.0,887451.0,684.0,885306.0
Genres,naive,10,10,0.8,20.5093,16.8233,3.6559,3.5265,300.0,571.0,887451.0,571.0,883982.0
Genres,naive,20,20,0.8,22.75,16.6888,6.0327,5.8966,378.0,379.0,887451.0,378.0,877900.0
Genres,naive,30,30,0.8,20.0158,16.3722,3.6174,3.4763,272.0,286.0,887451.0,286.0,871581.0
Genres,naive,40,40,0.8,20.383,16.8471,3.5058,3.3587,225.0,226.0,887451.0,226.0,862490.0
Genres,naive,50,50,0.8,22.8813,16.6728,6.1814,6.026,282.0,190.0,887451.0,189.0,850579.0
Genres,naive,60,60,0.8,23.3323,16.8673,6.4347,6.2639,289.0,160.0,887451.0,159.0,834895.0
Genres,naive,70,70,0.8,28.4839,16.8801,11.5769,11.3192,463.0,122.0,887451.0,104.0,785528.0
Genres,ASAP,3,3,0.8,19.6263,16.4076,3.1813,3.0474,138.0,994.0,887451.0,994.0,886903.0
Genres,ASAP,5,5,0.8,20.358,16.8505,3.4645,3.3304,205.0,808.0,887451.0,808.0,886170.0
Genres,ASAP,7,7,0.8,20.3841,16.7266,3.6284,3.4862,257.0,684.0,887451.0,684.0,885306.0
Genres,ASAP,10,10,0.8,20.1152,16.4434,3.6447,3.5065,286.0,571.0,887451.0,571.0,883982.0
Genres,ASAP,20,20,0.8,20.6102,16.8356,3.7438,3.5883,312.0,379.0,887451.0,378.0,877900.0
Genres,ASAP,30,30,0.8,20.2246,16.539,3.6587,3.5042,271.0,286.0,887451.0,286.0,871581.0
Genres,ASAP,40,40,0.8,20.3928,16.8079,3.5541,3.3819,225.0,226.0,887451.0,226.0,862490.0
Genres,ASAP,50,50,0.8,20.1248,16.5876,3.5097,3.3366,192.0,190.0,887451.0,189.0,850579.0
Genres,ASAP,60,60,0.8,20.2288,16.8283,3.3717,3.1765,161.0,160.0,887451.0,159.0,834895.0
Genres,ASAP,70,70,0.8,23.7276,16.8508,6.8502,6.5441,288.0,122.0,887451.0,104.0,785528.0
Gowalla,naive,3,3,0.8,83.3275,48.9116,34.3452,33.4555,68874.0,61376.0,1280969.0,58468.0,1036544.0
Gowalla,naive,4,4,0.8,141.9976,50.4358,91.4863,89.5699,174051.0,44529.0,1280969.0,24468.0,557386.0
Gowalla,naive,5,5,0.8,101.9936,52.535,49.3828,46.8049,124966.0,31822.0,1280969.0,5795.0,153929.0
Gowalla,naive,6,6,0.8,79.3898,54.9069,24.4075,21.8183,78098.0,22968.0,1280969.0,500.0,32715.0
Gowalla,naive,7,7,0.8,67.5585,56.1644,11.3173,9.1631,45509.0,17050.0,1280969.0,187.0,9997.0
Gowalla,naive,8,8,0.8,64.3033,57.5096,6.7212,4.8361,30597.0,12794.0,1280969.0,115.0,6237.0
Gowalla,naive,9,9,0.8,63.492,58.8751,4.541,2.7761,21614.0,9691.0,1280969.0,63.0,1766.0
Gowalla,naive,10,10,0.8,63.9361,60.4737,3.3857,1.7751,16042.0,7448.0,1280969.0,59.0,1727.0
Gowalla,naive,11,11,0.8,63.5925,60.894,2.6213,1.1826,12243.0,5820.0,1280969.0,59.0,1727.0
Gowalla,naive,12,12,0.8,63.3369,61.0272,2.2317,0.9167,9850.0,4711.0,1280969.0,58.0,1727.0
Gowalla,ASAP,3,3,0.8,70.7584,48.9682,21.6477,20.009,48265.0,61376.0,1280969.0,58468.0,1036544.0
Gowalla,ASAP,4,4,0.8,89.927,50.4308,39.3567,36.1647,99492.0,44529.0,1280969.0,24468.0,557386.0
Gowalla,ASAP,5,5,0.8,82.7161,52.6135,29.9643,26.1728,77625.0,31822.0,1280969.0,5795.0,153929.0
Gowalla,ASAP,6,6,0.8,72.7229,54.5408,18.0292,14.7942,48794.0,22968.0,1280969.0,500.0,32715.0
Gowalla,ASAP,7,7,0.8,66.2945,56.3176,9.8393,7.2392,28257.0,17050.0,1280969.0,187.0,9997.0
Gowalla,ASAP,8,8,0.8,64.6721,58.5442,5.9945,3.7012,17980.0,12794.0,1280969.0,115.0,6237.0
Gowalla,ASAP,9,9,0.8,62.59,58.7061,3.7491,1.8309,12095.0,9691.0,1280969.0,63.0,1766.0
Gowalla,ASAP,10,10,0.8,62.8437,59.8714,2.8322,1.1392,8764.0,7448.0,1280969.0,59.0,1727.0
Gowalla,ASAP,11,11,0.8,62.7443,60.3873,2.2559,0.7242,6540.0,5820.0,1280969.0,59.0,1727.0
Gowalla,ASAP,12,12,0.8,66.3794,63.8311,2.4426,0.5979,5213.0,4711.0,1280969.0,58.0,1727.0
Gowalla,ASAP,20,20,0.8,63.0888,61.9783,1.0084,0.0719,1121.0,1110.0,1280969.0,0.0,0.0
Gowalla,ASAP,30,30,0.8,62.6361,61.915,0.6674,0.0074,176.0,176.0,1280969.0,0.0,0.0
Gowalla,ASAP,40,40,0.8,63.272,62.6114,0.6247,0.0,0.0,0.0,1280969.0,0.0,0.0
Gowalla,ASAP,50,50,0.8,63.0524,62.3692,0.629,0.0,0.0,0.0,1280969.0,0.0,0.0
Gowalla,ASAP,60,60,0.8,62.9826,62.3115,0.6165,0.0,0.0,0.0,1280969.0,0.0,0.0
Gowalla,ASAP,70,70,0.8,63.9928,63.2928,0.6433,0.0,0.0,0.0,1280969.0,0.0,0.0
House_bills,naive,3,3,0.8,14.833,14.7418,0.0874,0.0735,3.0,1491.0,60987.0,1491.0,60986.0
House_bills,naive,5,5,0.8,15.2026,15.1031,0.0959,0.0825,12.0,1486.0,60987.0,1486.0,60981.0
House_bills,naive,10,10,0.8,17.1448,14.7085,2.4337,2.4223,500.0,1439.0,60987.0,1436.0,60525.0
House_bills,naive,15,15,0.8,21.1304,14.6967,6.4304,6.4121,1032.0,1373.0,60987.0,1359.0,59006.0
House_bills,naive,20,20,0.8,25.3943,14.7998,10.5911,10.5638,1381.0,1314.0,60987.0,1294.0,56297.0
House_bills,naive,25,25,0.8,25.9323,14.7185,11.2105,11.1812,1379.0,1287.0,60987.0,1269.0,54914.0
House_bills,naive,30,30,0.8,24.0356,14.6953,9.3372,9.3073,1072.0,1258.0,60987.0,1238.0,53526.0
House_bills,naive,35,35,0.8,28.2648,14.8089,13.4534,13.4202,1436.0,1225.0,60987.0,1205.0,51556.0
House_bills,naive,40,40,0.8,32.1362,14.6297,17.5038,17.4579,1720.0,1194.0,60987.0,1160.0,49046.0
House_bills,naive,45,45,0.8,34.5628,15.099,19.4613,19.4129,1860.0,1156.0,60987.0,1121.0,46651.0
House_bills,naive,50,50,0.8,37.1061,14.9611,22.142,22.086,1979.0,1110.0,60987.0,1073.0,45496.0
House_bills,naive,60,60,0.8,48.0425,15.0497,32.9901,32.9056,2743.0,1027.0,60987.0,929.0,39481.0
House_bills,naive,70,70,0.8,42.8661,15.1027,27.7602,27.6762,2264.0,964.0,60987.0,881.0,38290.0
House_bills,ASAP,3,3,0.8,14.0668,14.0068,0.056,0.0469,3.0,1491.0,60987.0,1491.0,60986.0
House_bills,ASAP,5,5,0.8,14.7661,14.7024,0.0597,0.0504,11.0,1486.0,60987.0,1486.0,60981.0
House_bills,ASAP,10,10,0.8,16.0805,14.3528,1.7239,1.6955,364.0,1439.0,60987.0,1436.0,60525.0
House_bills,ASAP,15,15,0.8,17.4661,14.4712,2.9884,2.9375,487.0,1373.0,60987.0,1359.0,59006.0
House_bills,ASAP,20,20,0.8,18.2636,14.7189,3.5379,3.4665,503.0,1314.0,60987.0,1294.0,56297.0
House_bills,ASAP,25,25,0.8,18.4672,14.8178,3.6427,3.5661,499.0,1287.0,60987.0,1269.0,54914.0
House_bills,ASAP,30,30,0.8,18.5939,14.6773,3.9101,3.837,492.0,1258.0,60987.0,1238.0,53526.0
House_bills,ASAP,35,35,0.8,19.3543,14.9287,4.4214,4.3277,535.0,1225.0,60987.0,1205.0,51556.0
House_bills,ASAP,40,40,0.8,20.7787,14.8848,5.8879,5.7753,677.0,1194.0,60987.0,1160.0,49046.0
House_bills,ASAP,45,45,0.8,21.1639,14.7066,6.4533,6.3208,731.0,1156.0,60987.0,1121.0,46651.0
House_bills,ASAP,50,50,0.8,22.6648,14.7661,7.8926,7.7581,799.0,1110.0,60987.0,1073.0,45496.0
House_bills,ASAP,60,60,0.8,27.6637,14.7704,12.8873,12.6068,1224.0,1027.0,60987.0,929.0,39481.0
House_bills,ASAP,70,70,0.8,27.2758,15.0021,12.2678,12.0706,1103.0,964.0,60987.0,881.0,38290.0
Insta_cart,naive,3,3,0.8,345.0045,242.3088,102.4916,101.8701,12020.0,40627.0,3346083.0,40600.0,3336208.0
Insta_cart,naive,5,5,0.8,417.1665,245.8992,171.0628,170.1739,26089.0,30753.0,3346083.0,30662.0,3301411.0
Insta_cart,naive,7,7,0.8,489.6795,246.821,242.6553,241.4338,34494.0,24537.0,3346083.0,24295.0,3245349.0
Insta_cart,naive,10,10,0.8,620.1173,247.7078,372.2052,370.2487,45802.0,18499.0,3346083.0,17923.0,3118284.0
Insta_cart,naive,20,20,0.8,1156.9736,255.8634,900.9112,893.9685,74393.0,9495.0,3346083.0,6934.0,2275147.0
Insta_cart,naive,25,25,0.8,726.0237,235.3155,490.5119,484.7482,39836.0,7419.0,3346083.0,5394.0,2090320.0
Insta_cart,naive,30,30,0.8,815.8703,264.6847,550.986,543.4163,35953.0,6004.0,3346083.0,4261.0,1909097.0
Insta_cart,naive,35,35,0.8,724.1284,245.7585,478.1622,471.2796,33226.0,4998.0,3346083.0,3278.0,1689639.0
Insta_cart,naive,40,40,0.8,652.6294,270.4263,382.0123,373.8383,25849.0,4215.0,3346083.0,2497.0,1436135.0
Insta_cart,naive,45,45,0.8,1126.7255,250.3055,876.2395,858.9896,65194.0,3576.0,3346083.0,0.0,0.0
Insta_cart,naive,50,50,0.8,467.1526,276.2364,190.7343,175.9018,15938.0,3120.0,3346083.0,0.0,0.0
Insta_cart,naive,60,60,0.8,372.2465,282.0038,90.0609,76.6569,7766.0,2402.0,3346083.0,0.0,0.0
Insta_cart,naive,70,70,0.8,345.3158,288.3215,56.8217,44.7368,5002.0,1835.0,3346083.0,0.0,0.0
Insta_cart,ASAP,3,3,0.8,339.513,246.2177,92.8976,90.1006,11349.0,40627.0,3346083.0,40600.0,3336208.0
Insta_cart,ASAP,5,5,0.8,359.358,242.988,115.9815,113.0826,23191.0,30753.0,3346083.0,30662.0,3301411.0
Insta_cart,ASAP,7,7,0.8,366.4241,247.5278,118.502,115.5619,23658.0,24537.0,3346083.0,24295.0,3245349.0
Insta_cart,ASAP,10,10,0.8,367.7905,249.7927,117.5999,114.0265,22435.0,18499.0,3346083.0,17923.0,3118284.0
Insta_cart,ASAP,20,20,0.8,478.6765,256.5291,221.7552,212.221,28007.0,9495.0,3346083.0,6934.0,2275147.0
Insta_cart,ASAP,25,25,0.8,447.1241,254.5552,192.1652,182.3282,18702.0,7419.0,3346083.0,5394.0,2090320.0
Insta_cart,ASAP,30,30,0.8,432.3673,258.2859,173.7084,164.4242,15541.0,6004.0,3346083.0,4261.0,1909097.0
Insta_cart,ASAP,35,35,0.8,442.5765,246.1773,196.0146,186.4449,15859.0,4998.0,3346083.0,3278.0,1689639.0
Insta_cart,ASAP,40,40,0.8,479.1591,271.1324,207.7321,196.4374,14810.0,4215.0,3346083.0,2497.0,1436135.0
Insta_cart,ASAP,45,45,0.8,810.761,247.3441,563.0752,541.5921,45931.0,3576.0,3346083.0,0.0,0.0
Insta_cart,ASAP,50,50,0.8,464.1296,275.6492,188.1992,169.4242,13044.0,3120.0,3346083.0,0.0,0.0
Insta_cart,ASAP,60,60,0.8,366.6914,280.4518,85.9588,69.3547,5545.0,2402.0,3346083.0,0.0,0.0
Insta_cart,ASAP,70,70,0.8,335.6108,283.3316,52.0303,37.4092,3243.0,1835.0,3346083.0,0.0,0.0
Kosarak,naive,3,3,0.8,213.7245,117.1755,96.5138,96.3157,7483.0,22031.0,990002.0,21901.0,967003.0
Kosarak,naive,5,5,0.8,242.6789,121.3725,121.2696,120.9767,11580.0,15240.0,990002.0,15078.0,926692.0
Kosarak,naive,7,7,0.8,254.7333,117.5419,137.1562,136.8462,12640.0,12874.0,990002.0,12672.0,902953.0
Kosarak,naive,10,10,0.8,304.3862,118.0097,186.3416,185.9793,15667.0,10538.0,990002.0,10163.0,875699.0
Kosarak,naive,15,15,0.8,439.7964,121.8829,317.8762,317.2365,20999.0,8406.0,990002.0,7857.0,847768.0
Kosarak,naive,20,20,0.8,586.8723,120.7737,466.0639,465.4334,29895.0,7042.0,990002.0,6024.0,817262.0
Kosarak,naive,25,25,0.8,819.4789,122.9881,696.4348,695.227,35135.0,6076.0,990002.0,5090.0,790941.0
Kosarak,naive,30,30,0.8,564.1217,122.7565,441.3309,440.0225,26291.0,5414.0,990002.0,4635.0,741282.0
Kosarak,naive,35,35,0.8,496.315,126.0653,370.2141,369.2398,22072.0,4873.0,990002.0,4228.0,674309.0
Kosarak,naive,40,40,0.8,424.0052,125.1178,298.8519,297.643,17795.0,4558.0,990002.0,3988.0,665851.0
Kosarak,naive,45,45,0.8,511.8402,128.1768,383.6098,382.2078,21885.0,4247.0,990002.0,3733.0,653960.0
Kosarak,naive,50,50,0.8,420.0463,127.4038,292.6079,291.596,17342.0,3992.0,990002.0,3524.0,641931.0
Kosarak,naive,60,60,0.8,546.0328,130.2029,415.7949,414.4442,26363.0,3598.0,990002.0,2903.0,586107.0
Kosarak,naive,70,70,0.8,325.8726,132.8416,192.9961,188.9159,19031.0,3316.0,990002.0,348.0,164955.0
Kosarak,ASAP,3,3,0.8,181.6404,113.9583,67.6235,66.0478,6503.0,22031.0,990002.0,21901.0,967003.0
Kosarak,ASAP,5,5,0.8,201.1882,114.6177,86.5117,84.7651,10190.0,15240.0,990002.0,15078.0,926692.0
Kosarak,ASAP,7,7,0.8,201.0793,114.6685,86.3541,84.7826,10448.0,12874.0,990002.0,12672.0,902953.0
Kosarak,ASAP,10,10,0.8,203.9532,116.4838,87.4117,85.9116,10036.0,10538.0,990002.0,10163.0,875699.0
Kosarak,ASAP,15,15,0.8,204.7151,116.6127,88.0463,86.5275,8943.0,8406.0,990002.0,7857.0,847768.0
Kosarak,ASAP,20,20,0.8,213.2532,117.6328,95.5631,93.7683,9417.0,7042.0,990002.0,6024.0,817262.0
Kosarak,ASAP,25,25,0.8,218.6932,118.7485,99.8884,97.8088,8580.0,6076.0,990002.0,5090.0,790941.0
Kosarak,ASAP,30,30,0.8,221.49,119.5803,101.8537,99.4356,7368.0,5414.0,990002.0,4635.0,741282.0
Kosarak,ASAP,35,35,0.8,212.7487,121.9167,90.7715,88.8944,6070.0,4873.0,990002.0,4228.0,674309.0
Kosarak,ASAP,40,40,0.8,206.8302,123.0456,83.7283,81.5936,5407.0,4558.0,990002.0,3988.0,665851.0
Kosarak,ASAP,45,45,0.8,210.9446,125.9351,84.9332,82.5016,5461.0,4247.0,990002.0,3733.0,653960.0
Kosarak,ASAP,50,50,0.8,207.0627,125.6408,81.3656,79.5735,5205.0,3992.0,990002.0,3524.0,641931.0
Kosarak,ASAP,60,60,0.8,239.9251,127.4502,112.4191,110.0471,7344.0,3598.0,990002.0,2903.0,586107.0
Kosarak,ASAP,70,70,0.8,260.5022,128.0408,132.4054,127.9671,11126.0,3316.0,990002.0,348.0,164955.0
Ndc,naive,3,3,0.8,0.496,0.3212,0.1743,0.1676,1389.0,1189.0,9906.0,1099.0,5339.0
Ndc,naive,5,5,0.8,0.5227,0.3306,0.1917,0.1827,1310.0,680.0,9906.0,597.0,3711.0
Ndc,naive,7,7,0.8,0.5718,0.3347,0.2367,0.2201,2291.0,451.0,9906.0,184.0,1102.0
Ndc,naive,10,10,0.8,0.411,0.3527,0.058,0.0434,675.0,274.0,9906.0,61.0,314.0
Ndc,naive,20,20,0.8,0.3852,0.3755,0.0095,0.001,58.0,29.0,9906.0,0.0,0.0
Ndc,naive,30,30,0.8,0.3915,0.3856,0.0057,0.0,0.0,0.0,9906.0,0.0,0.0
Ndc,naive,40,40,0.8,0.3875,0.3816,0.0057,0.0,0.0,0.0,9906.0,0.0,0.0
Ndc,naive,50,50,0.8,0.4272,0.4206,0.0063,0.0,0.0,0.0,9906.0,0.0,0.0
Ndc,naive,60,60,0.8,0.3872,0.3812,0.0057,0.0,0.0,0.0,9906.0,0.0,0.0
Ndc,naive,70,70,0.8,0.39,0.384,0.0057,0.0,0.0,0.0,9906.0,0.0,0.0
Ndc,ASAP,3,3,0.8,0.4218,0.3189,0.102,0.0871,939.0,1189.0,9906.0,1099.0,5339.0
Ndc,ASAP,5,5,0.8,0.4195,0.3307,0.0882,0.0725,731.0,680.0,9906.0,597.0,3711.0
Ndc,ASAP,7,7,0.8,0.494,0.3348,0.1587,0.129,1336.0,451.0,9906.0,184.0,1102.0
Ndc,ASAP,10,10,0.8,0.4002,0.3464,0.0535,0.034,462.0,274.0,9906.0,61.0,314.0
Ndc,ASAP,20,20,0.8,0.3869,0.3761,0.0106,0.0004,29.0,29.0,9906.0,0.0,0.0
Ndc,ASAP,30,30,0.8,0.3912,0.3849,0.006,0.0,0.0,0.0,9906.0,0.0,0.0
Ndc,ASAP,40,40,0.8,0.3888,0.3825,0.006,0.0,0.0,0.0,9906.0,0.0,0.0
Ndc,ASAP,50,50,0.8,0.3902,0.3837,0.0062,0.0,0.0,0.0,9906.0,0.0,0.0
Ndc,ASAP,60,60,0.8,0.3906,0.3843,0.0061,0.0,0.0,0.0,9906.0,0.0,0.0
Ndc,ASAP,70,70,0.8,0.3901,0.3839,0.006,0.0,0.0,0.0,9906.0,0.0,0.0
Senate_bills,naive,3,3,0.8,1.0601,1.0531,0.0052,0.0,0.0,292.0,29157.0,292.0,29157.0
Senate_bills,naive,4,4,0.8,1.0485,1.0419,0.0048,0.0,0.0,292.0,29157.0,292.0,29157.0
Senate_bills,naive,5,5,0.8,1.0515,1.0447,0.005,0.0,0.0,291.0,29157.0,291.0,29157.0
Senate_bills,naive,6,6,0.8,1.0708,1.0417,0.0273,0.0224,5.0,289.0,29157.0,289.0,29154.0
Senate_bills,naive,7,7,0.8,1.1067,1.0603,0.0445,0.0392,9.0,287.0,29157.0,287.0,29150.0
Senate_bills,naive,8,8,0.8,1.1096,1.063,0.0448,0.0394,9.0,287.0,29157.0,287.0,29150.0
Senate_bills,naive,9,9,0.8,1.153,1.0529,0.0984,0.093,25.0,285.0,29157.0,285.0,29139.0
Senate_bills,naive,10,10,0.8,1.1636,1.0606,0.1012,0.0957,25.0,285.0,29157.0,285.0,29139.0
Senate_bills,naive,11,11,0.8,1.1826,1.0498,0.1309,0.1257,41.0,284.0,29157.0,284.0,29060.0
Senate_bills,naive,12,12,0.8,1.2084,1.049,0.1575,0.1521,49.0,283.0,29157.0,283.0,29054.0
Senate_bills,naive,20,20,0.8,1.26,1.0591,0.199,0.1932,77.0,281.0,29157.0,281.0,29013.0
Senate_bills,naive,30,30,0.8,1.6452,1.0811,0.5622,0.5557,228.0,265.0,29157.0,264.0,28457.0
Senate_bills,naive,40,40,0.8,2.6583,1.1015,1.5549,1.5367,658.0,244.0,29157.0,203.0,22957.0
Senate_bills,naive,50,50,0.8,1.8984,1.1218,0.7748,0.7605,275.0,198.0,29157.0,193.0,22330.0
Senate_bills,naive,60,60,0.8,2.8419,1.1415,1.6985,1.674,674.0,182.0,29157.0,155.0,18193.0
Senate_bills,naive,70,70,0.8,1.7186,1.2736,0.4434,0.3834,282.0,101.0,29157.0,0.0,0.0
Senate_bills,ASAP,3,3,0.8,1.0578,1.0506,0.0052,0.0,0.0,292.0,29157.0,292.0,29157.0
Senate_bills,ASAP,4,4,0.8,1.0641,1.057,0.0053,0.0,0.0,292.0,29157.0,292.0,29157.0
Senate_bills,ASAP,5,5,0.8,1.0687,1.0614,0.0053,0.0,0.0,291.0,29157.0,291.0,29157.0
Senate_bills,ASAP,6,6,0.8,1.0895,1.0583,0.0293,0.0237,5.0,289.0,29157.0,289.0,29154.0
Senate_bills,ASAP,7,7,0.8,1.1002,1.0616,0.0366,0.0308,7.0,287.0,29157.0,287.0,29150.0
Senate_bills,ASAP,8,8,0.8,1.0865,1.0483,0.0364,0.0306,7.0,287.0,29157.0,287.0,29150.0
Senate_bills,ASAP,9,9,0.8,1.1471,1.0551,0.09,0.0837,22.0,285.0,29157.0,285.0,29139.0
Senate_bills,ASAP,10,10,0.8,1.1595,1.0663,0.0913,0.0849,22.0,285.0,29157.0,285.0,29139.0
Senate_bills,ASAP,11,11,0.8,1.1788,1.0517,0.1253,0.1184,38.0,284.0,29157.0,284.0,29060.0
Senate_bills,ASAP,12,12,0.8,1.2099,1.0567,0.1513,0.1443,45.0,283.0,29157.0,283.0,29054.0
Senate_bills,ASAP,20,20,0.8,1.2395,1.0514,0.1861,0.1788,72.0,281.0,29157.0,281.0,29013.0
Senate_bills,ASAP,30,30,0.8,1.5346,1.1208,0.4119,0.3994,164.0,265.0,29157.0,264.0,28457.0
Senate_bills,ASAP,40,40,0.8,1.8614,1.112,0.7474,0.7106,336.0,244.0,29157.0,203.0,22957.0
Senate_bills,ASAP,50,50,0.8,1.6509,1.1165,0.5325,0.5093,194.0,198.0,29157.0,193.0,22330.0
Senate_bills,ASAP,60,60,0.8,2.0102,1.1285,0.8798,0.8329,342.0,182.0,29157.0,155.0,18193.0
Senate_bills,ASAP,70,70,0.8,1.6188,1.2554,0.3617,0.2815,198.0,101.0,29157.0,0.0,0.0
